<?xml version="1.0" encoding="utf-8" ?>
<dwsync>
<file name="contents.html" server="parfumeira.com" local="131034561076938594" remote="131034405600000000" Dst="2" />
<file name="test_mail_advanced.php" server="parfumeira.com" local="131034561123250190" remote="131034405600000000" Dst="2" />
<file name="index.html" server="parfumeira.com" local="131034561105434191" remote="131034405600000000" Dst="2" />
<file name="test_db_smtp_basic.php" server="parfumeira.com" local="131034561133609472" remote="131034405600000000" Dst="2" />
<file name="test_mail_basic.php" server="parfumeira.com" local="131034561133589446" remote="131034405600000000" Dst="2" />
<file name="test_pop_before_smtp_advanced.php" server="parfumeira.com" local="131034561166969415" remote="131034405600000000" Dst="2" />
<file name="test_pop_before_smtp_basic.php" server="parfumeira.com" local="131034561166849303" remote="131034405600000000" Dst="2" />
<file name="test_smtp_advanced.php" server="parfumeira.com" local="131034561192442303" remote="131034405600000000" Dst="2" />
<file name="test_sendmail_basic.php" server="parfumeira.com" local="131034561192362223" remote="131034405600000000" Dst="2" />
<file name="test_sendmail_advanced.php" server="parfumeira.com" local="131034561166949397" remote="131034406200000000" Dst="2" />
<file name="test_smtp_advanced_no_auth.php" server="parfumeira.com" local="131034561191821730" remote="131034406200000000" Dst="2" />
<file name="test_smtp_basic.php" server="parfumeira.com" local="131034561215533329" remote="131034406200000000" Dst="2" />
<file name="test_smtp_basic_no_auth.php" server="parfumeira.com" local="131034561215583054" remote="131034406200000000" Dst="2" />
<file name="test_smtp_gmail_advanced.php" server="parfumeira.com" local="131034561215543042" remote="131034406200000000" Dst="2" />
<file name="test_smtp_gmail_basic.php" server="parfumeira.com" local="131034561237052320" remote="131034406200000000" Dst="2" />
</dwsync>